,District,Predicted Crime Rate
,1,5.1027151446
,2,4.1735052706
,3,3.3543858163
,4,2.6389642439
,5,2.020848016
,6,1.4936445977
,7,1.0509614514
,8,0.6864060394
,9,0.3935858251
,10,0.1661082727
,11,0
,12,0
,13,0
,14,0
,15,0
,16,0
,17,0
,18,0
,19,0.0044614195
,20,0.078820938
,21,0.1482052102
,22,0.2062217004
,23,0.2464778691
,24,0.2625811815
,25,0.248139099
,26,0.1967590887
,27,0.1020486073
,28,0
,29,0
,30,0
,31,0
