,District,Predicted Crime Rate
,1,4.0173728161
,2,3.2437643122
,3,2.5638598932
,4,1.9721741353
,5,1.4632216052
,6,1.0315168782
,7,0.6715745192
,8,0.3779091055
,9,0.145035201
,10,0
,11,0
,12,0
,13,0
,14,0
,15,0
,16,0
,17,0
,18,0
,19,0
,20,0.0268293975
,21,0.0955901791
,22,0.1538318947
,23,0.1960691141
,24,0.2168164107
,25,0.2105883521
,26,0.1718995136
,27,0.0952644621
,28,0
,29,0
,30,0
,31,0
