,District,Predicted Crime Rate
,1,6.0514495971
,2,4.9724318779
,3,4.0187632043
,4,3.1833135125
,5,2.4589527457
,6,1.8385508445
,7,1.3149777523
,8,0.8811034078
,9,0.5297977554
,10,0.2539307338
,11,0.0463722835
,12,0
,13,0
,14,0
,15,0
,16,0
,17,0
,18,0
,19,0
,20,0.0757723295
,21,0.1591463808
,22,0.2323983575
,23,0.2883982027
,24,0.3200158591
,25,0.3201212634
,26,0.2815843618
,27,0.1972750949
,28,0.0600634015
,29,0
,30,0
,31,0
