,District,Predicted Crime Rate
,1,5.294943521
,2,4.3387218474
,3,3.4945866682
,4,2.7561001771
,5,2.1168245648
,6,1.5703220277
,7,1.1101547547
,8,0.7298849395
,9,0.4230747775
,10,0.1832864585
,11,0.0040821789
,12,0
,13,0
,14,0
,15,0
,16,0
,17,0
,18,0
,19,0
,20,0.0552871407
,21,0.1278438375
,22,0.1901686902
,23,0.2358238951
,24,0.2583716458
,25,0.2513741322
,26,0.2083935488
,27,0.1229920865
,28,0
,29,0
,30,0
,31,0
